-- --------------------------------------------------------
-- Host:                         127.0.0.1
-- Server version:               10.4.16-MariaDB - mariadb.org binary distribution
-- Server OS:                    Win64
-- HeidiSQL Version:             12.1.0.6537
-- --------------------------------------------------------

/*!40101 SET @OLD_CHARACTER_SET_CLIENT=@@CHARACTER_SET_CLIENT */;
/*!40101 SET NAMES utf8 */;
/*!50503 SET NAMES utf8mb4 */;
/*!40103 SET @OLD_TIME_ZONE=@@TIME_ZONE */;
/*!40103 SET TIME_ZONE='+00:00' */;
/*!40014 SET @OLD_FOREIGN_KEY_CHECKS=@@FOREIGN_KEY_CHECKS, FOREIGN_KEY_CHECKS=0 */;
/*!40101 SET @OLD_SQL_MODE=@@SQL_MODE, SQL_MODE='NO_AUTO_VALUE_ON_ZERO' */;
/*!40111 SET @OLD_SQL_NOTES=@@SQL_NOTES, SQL_NOTES=0 */;


-- Dumping database structure for toko_sayur
CREATE DATABASE IF NOT EXISTS `toko_sayur` /*!40100 DEFAULT CHARACTER SET utf8mb4 */;
USE `toko_sayur`;

-- Dumping structure for table toko_sayur.ci_sessions
CREATE TABLE IF NOT EXISTS `ci_sessions` (
  `id` varchar(128) NOT NULL,
  `ip_address` varchar(45) NOT NULL,
  `timestamp` int(10) unsigned NOT NULL DEFAULT 0,
  `data` blob NOT NULL,
  KEY `ci_sessions_timestamp` (`timestamp`)
) ENGINE=InnoDB DEFAULT CHARSET=utf8mb4;

-- Dumping data for table toko_sayur.ci_sessions: ~9 rows (approximately)
INSERT INTO `ci_sessions` (`id`, `ip_address`, `timestamp`, `data`) VALUES
	('jd5c2jpr8341j6v5ld3lek5a85bvefsl', '::1', 1699043940, _binary 0x5f5f63695f6c6173745f726567656e65726174657c693a313639393034333934303b636172745f636f6e74656e74737c613a333a7b733a31303a22636172745f746f74616c223b643a36353030303b733a31313a22746f74616c5f6974656d73223b643a313b733a33323a226334636134323338613062393233383230646363353039613666373538343962223b613a363a7b733a323a226964223b733a313a2231223b733a333a22717479223b643a313b733a353a227072696365223b643a36353030303b733a343a226e616d65223b733a31303a2253747261776265727279223b733a353a22726f776964223b733a33323a226334636134323338613062393233383230646363353039613666373538343962223b733a383a22737562746f74616c223b643a36353030303b7d7d),
	('7g4l720om3cqmttp3k9f0lim2tqdh6ij', '::1', 1699044276, _binary 0x5f5f63695f6c6173745f726567656e65726174657c693a313639393034343237363b636172745f636f6e74656e74737c613a333a7b733a31303a22636172745f746f74616c223b643a36353030303b733a31313a22746f74616c5f6974656d73223b643a313b733a33323a226334636134323338613062393233383230646363353039613666373538343962223b613a363a7b733a323a226964223b733a313a2231223b733a333a22717479223b643a313b733a353a227072696365223b643a36353030303b733a343a226e616d65223b733a31303a2253747261776265727279223b733a353a22726f776964223b733a33323a226334636134323338613062393233383230646363353039613666373538343962223b733a383a22737562746f74616c223b643a36353030303b7d7d5f74656d705f636f75706f6e7c733a303a22223b5f74656d705f7175616e746974797c4e3b7265646972656374696f6e7c4e3b5f5f4143544956455f53455353494f4e5f444154417c733a3235363a2230646661333662616139343431316137663134663031336430366635383766346562306235623763346130353630326637656134393665626561383463313865636564386330343436326338373765393234333263316265383666626134393462373039396434613139363536343666323031663137386136356236613762666f547a614d2b69765671387a496d4f7a304932473162755a6957543079735652774955675371474a31625a7a49414537736b31556d41494f2f716f3867326e69326c6364444d73374d4344513379543365554a6a3553614a356d57413347684e7636386536396f4676347a35666650545265685a392b7051653845336a697277223b),
	('13khleh6dbr9n9sg20fd3uif9fttolij', '::1', 1699044635, _binary 0x5f5f63695f6c6173745f726567656e65726174657c693a313639393034343633353b636172745f636f6e74656e74737c613a333a7b733a31303a22636172745f746f74616c223b643a36353030303b733a31313a22746f74616c5f6974656d73223b643a313b733a33323a226334636134323338613062393233383230646363353039613666373538343962223b613a363a7b733a323a226964223b733a313a2231223b733a333a22717479223b643a313b733a353a227072696365223b643a36353030303b733a343a226e616d65223b733a31303a2253747261776265727279223b733a353a22726f776964223b733a33323a226334636134323338613062393233383230646363353039613666373538343962223b733a383a22737562746f74616c223b643a36353030303b7d7d5f74656d705f636f75706f6e7c733a303a22223b5f74656d705f7175616e746974797c4e3b7265646972656374696f6e7c4e3b5f5f4143544956455f53455353494f4e5f444154417c733a3235363a2230646661333662616139343431316137663134663031336430366635383766346562306235623763346130353630326637656134393665626561383463313865636564386330343436326338373765393234333263316265383666626134393462373039396434613139363536343666323031663137386136356236613762666f547a614d2b69765671387a496d4f7a304932473162755a6957543079735652774955675371474a31625a7a49414537736b31556d41494f2f716f3867326e69326c6364444d73374d4344513379543365554a6a3553614a356d57413347684e7636386536396f4676347a35666650545265685a392b7051653845336a697277223b636f75706f6e5f69647c733a313a2238223b6f726465725f7175616e746974797c613a313a7b693a313b613a323a7b733a333a22717479223b643a313b733a353a227072696365223b643a36353030303b7d7d746f74616c5f70726963657c643a35353030303b),
	('qkiudqo9fpcvojqv6mqgic5sq06a4mrj', '::1', 1699045697, _binary 0x5f5f63695f6c6173745f726567656e65726174657c693a313639393034353639373b5f74656d705f636f75706f6e7c733a303a22223b5f74656d705f7175616e746974797c4e3b7265646972656374696f6e7c4e3b5f5f4143544956455f53455353494f4e5f444154417c733a3235363a223766653261346466306332336331363766383637353032393138646630656663646136326336313662333037396462663463616666313734323864383838306535623135313461316637626139376461393861383765323036373735616436623765616530646565363833383063393665643339633237643237326134616333333543783367707533307766794e4d716a416539486c47347a41546263456c7063646f6e4f36566b77755a63514e4e376f422b74524e5a372f6c664366536c7341462f5373376d6747584c7a575758794537476c3774394f58446b6879486b755279566457527a2f614c3042306472686d4b4c547671506174474e647a555148223b),
	('74j39jc9e9lu6jrr70ogesbl5qmtofl2', '::1', 1699045697, _binary 0x5f5f63695f6c6173745f726567656e65726174657c693a313639393034353639373b5f74656d705f636f75706f6e7c733a303a22223b5f74656d705f7175616e746974797c4e3b7265646972656374696f6e7c4e3b5f5f4143544956455f53455353494f4e5f444154417c733a3235363a223766653261346466306332336331363766383637353032393138646630656663646136326336313662333037396462663463616666313734323864383838306535623135313461316637626139376461393861383765323036373735616436623765616530646565363833383063393665643339633237643237326134616333333543783367707533307766794e4d716a416539486c47347a41546263456c7063646f6e4f36566b77755a63514e4e376f422b74524e5a372f6c664366536c7341462f5373376d6747584c7a575758794537476c3774394f58446b6879486b755279566457527a2f614c3042306472686d4b4c547671506174474e647a555148223b),
	('bopltnmhegl87dq99kogoq7k4t62t946', '::1', 1699046423, _binary 0x5f5f63695f6c6173745f726567656e65726174657c693a313639393034363432333b7265646972656374696f6e7c733a37323a226148523063446f764c327876593246736147397a64433930623274764c584e68655856794c326c755a4756344c6e426f6343396a64584e306232316c63693976636d526c636e4d3d223b),
	('jkqvh7pm5locismfm0gmhq405e6d10fs', '::1', 1699046433, _binary 0x5f5f63695f6c6173745f726567656e65726174657c693a313639393034363432333b5f5f4143544956455f53455353494f4e5f444154417c733a3235363a2238333561656230393834303366396364373231343434373131353761633565373165366532613439333865666332386536313531393061326530323230343336643036383933626130336463663933373035636231613335396463376336376238373463663638663063626664363534643830643031376363383732386262335435303872745a65666e385635507165302b4855543046564e343648364d2f626349784e4d72377933705a6f49743557375173756957392b337535656e33547965343936516d6d52546854716d31762f79352b6a7564424655564e54542b697a2b5874546c502b484b4841626d79613259714d734b783459314934792f727932223b),
	('o6p0rao478k7g3busu8g6nn88mp8vqp5', '::1', 1699065777, _binary 0x5f5f63695f6c6173745f726567656e65726174657c693a313639393036353737373b),
	('9358fu831t9a8qecjnhp4ngvltk95d1i', '::1', 1699065836, _binary 0x5f5f63695f6c6173745f726567656e65726174657c693a313639393036353737373b636172745f636f6e74656e74737c613a333a7b733a31303a22636172745f746f74616c223b643a36353030303b733a31313a22746f74616c5f6974656d73223b643a313b733a33323a226334636134323338613062393233383230646363353039613666373538343962223b613a363a7b733a323a226964223b733a313a2231223b733a333a22717479223b643a313b733a353a227072696365223b643a36353030303b733a343a226e616d65223b733a31303a2253747261776265727279223b733a353a22726f776964223b733a33323a226334636134323338613062393233383230646363353039613666373538343962223b733a383a22737562746f74616c223b643a36353030303b7d7d5f74656d705f636f75706f6e7c733a303a22223b5f74656d705f7175616e746974797c4e3b5f5f4143544956455f53455353494f4e5f444154417c733a3235363a22643138323936346636303864363333373161336465353930376462373432356232363032333635626662396265663162656365663765393064336435333437616134663035656663356566303834323366383535646439636434326561373430656266333764643036313237366461326661663639663761313738303761633946756b727569445a7755556d5268464958336256705634485267306a4f4953746d65566d576332625a66713549377579514e59676a457932574f736956766d41587047556341576b476c726e4a44786e2f7368655446776b7a4739337566396e2b35502f424a466649614350465655364d2b754d5549584c416c446965365146223b6f726465725f7175616e746974797c613a313a7b693a313b613a323a7b733a333a22717479223b643a313b733a353a227072696365223b643a36353030303b7d7d746f74616c5f70726963657c643a36353030303b);

-- Dumping structure for table toko_sayur.contacts
CREATE TABLE IF NOT EXISTS `contacts` (
  `id` int(10) NOT NULL AUTO_INCREMENT,
  `parent_id` int(10) DEFAULT NULL,
  `name` varchar(32) NOT NULL,
  `subject` varchar(128) DEFAULT NULL,
  `email` varchar(64) NOT NULL,
  `message` mediumtext NOT NULL,
  `contact_date` datetime DEFAULT NULL,
  `status` tinyint(1) DEFAULT 1,
  `reply_at` datetime DEFAULT NULL,
  PRIMARY KEY (`id`),
  KEY `FK_contacts_contacts` (`parent_id`),
  CONSTRAINT `FK_contacts_contacts` FOREIGN KEY (`parent_id`) REFERENCES `contacts` (`id`) ON DELETE CASCADE ON UPDATE NO ACTION
) ENGINE=InnoDB DEFAULT CHARSET=utf8mb4;

-- Dumping data for table toko_sayur.contacts: ~0 rows (approximately)

-- Dumping structure for table toko_sayur.coupons
CREATE TABLE IF NOT EXISTS `coupons` (
  `id` bigint(20) NOT NULL AUTO_INCREMENT,
  `name` varchar(191) NOT NULL,
  `code` varchar(32) NOT NULL,
  `credit` decimal(8,2) NOT NULL,
  `start_date` date NOT NULL,
  `expired_date` date NOT NULL,
  `is_active` tinyint(4) DEFAULT 1,
  PRIMARY KEY (`id`)
) ENGINE=InnoDB AUTO_INCREMENT=9 DEFAULT CHARSET=utf8mb4;

-- Dumping data for table toko_sayur.coupons: ~2 rows (approximately)
INSERT INTO `coupons` (`id`, `name`, `code`, `credit`, `start_date`, `expired_date`, `is_active`) VALUES
	(4, 'Desember Ceria', 'DESEMBERCERIA', 5000.00, '2023-11-03', '2023-12-03', 1),
	(5, 'Bebas Belanja', 'BEBASBELANJA', 4000.00, '2021-05-01', '2021-05-08', 1),
	(8, 'ULTAH TOKO SAYUR', 'ULTAHTOKOSAYUR', 10000.00, '2023-11-03', '2023-12-31', 1);

-- Dumping structure for table toko_sayur.customers
CREATE TABLE IF NOT EXISTS `customers` (
  `id` bigint(20) NOT NULL AUTO_INCREMENT,
  `user_id` bigint(20) unsigned DEFAULT NULL,
  `name` varchar(191) NOT NULL,
  `phone_number` varchar(32) DEFAULT NULL,
  `address` varchar(191) NOT NULL,
  `profile_picture` varchar(191) DEFAULT NULL,
  PRIMARY KEY (`id`),
  KEY `FK_customers_users` (`user_id`),
  CONSTRAINT `FK_customers_users` FOREIGN KEY (`user_id`) REFERENCES `users` (`id`) ON DELETE NO ACTION ON UPDATE CASCADE
) ENGINE=InnoDB AUTO_INCREMENT=8 DEFAULT CHARSET=utf8mb4;

-- Dumping data for table toko_sayur.customers: ~2 rows (approximately)
INSERT INTO `customers` (`id`, `user_id`, `name`, `phone_number`, `address`, `profile_picture`) VALUES
	(6, 8, 'Anita', '087654357675', 'Jl.suramadu', 'anita.png'),
	(7, 9, 'Budi', '089501153142', 'Jl. Raya Inpres Tengah No.4c RT 04/10 ', 'budi.png');

-- Dumping structure for table toko_sayur.orders
CREATE TABLE IF NOT EXISTS `orders` (
  `id` bigint(20) NOT NULL AUTO_INCREMENT,
  `user_id` bigint(20) unsigned DEFAULT NULL,
  `coupon_id` bigint(20) DEFAULT NULL,
  `order_number` varchar(16) NOT NULL,
  `order_status` enum('1','2','3','4','5') DEFAULT '1',
  `order_date` datetime NOT NULL,
  `total_price` decimal(8,2) DEFAULT NULL,
  `total_items` int(10) DEFAULT NULL,
  `payment_method` int(11) DEFAULT 1,
  `delivery_data` text DEFAULT NULL,
  `delivered_date` datetime DEFAULT NULL,
  `finish_date` datetime DEFAULT NULL,
  PRIMARY KEY (`id`),
  KEY `FK_orders_users` (`user_id`),
  KEY `FK_orders_coupons` (`coupon_id`),
  CONSTRAINT `FK_orders_coupons` FOREIGN KEY (`coupon_id`) REFERENCES `coupons` (`id`) ON DELETE SET NULL ON UPDATE CASCADE,
  CONSTRAINT `FK_orders_users` FOREIGN KEY (`user_id`) REFERENCES `users` (`id`) ON DELETE NO ACTION ON UPDATE CASCADE
) ENGINE=InnoDB AUTO_INCREMENT=2 DEFAULT CHARSET=utf8mb4;

-- Dumping data for table toko_sayur.orders: ~0 rows (approximately)
INSERT INTO `orders` (`id`, `user_id`, `coupon_id`, `order_number`, `order_status`, `order_date`, `total_price`, `total_items`, `payment_method`, `delivery_data`, `delivered_date`, `finish_date`) VALUES
	(1, 9, 8, 'DSY41123198104', '4', '2023-11-04 03:50:49', 55000.00, 1, 1, '{"customer":{"name":"Budi","phone_number":"089501153142","address":"Jl. Raya Inpres Tengah No.4c RT 04\\/10 "},"note":""}', NULL, NULL);

-- Dumping structure for table toko_sayur.order_items
CREATE TABLE IF NOT EXISTS `order_items` (
  `id` bigint(20) NOT NULL AUTO_INCREMENT,
  `order_id` bigint(20) DEFAULT NULL,
  `product_id` bigint(20) DEFAULT NULL,
  `order_qty` int(10) NOT NULL,
  `order_price` decimal(8,2) DEFAULT NULL,
  PRIMARY KEY (`id`),
  KEY `order_id` (`order_id`),
  KEY `product_id` (`product_id`),
  CONSTRAINT `order_items_ibfk_1` FOREIGN KEY (`order_id`) REFERENCES `orders` (`id`) ON DELETE CASCADE ON UPDATE NO ACTION,
  CONSTRAINT `order_items_ibfk_2` FOREIGN KEY (`product_id`) REFERENCES `products` (`id`) ON DELETE CASCADE ON UPDATE NO ACTION
) ENGINE=InnoDB AUTO_INCREMENT=2 DEFAULT CHARSET=utf8mb4;

-- Dumping data for table toko_sayur.order_items: ~0 rows (approximately)
INSERT INTO `order_items` (`id`, `order_id`, `product_id`, `order_qty`, `order_price`) VALUES
	(1, 1, 1, 1, 65000.00);

-- Dumping structure for table toko_sayur.payments
CREATE TABLE IF NOT EXISTS `payments` (
  `id` bigint(20) NOT NULL AUTO_INCREMENT,
  `order_id` bigint(20) DEFAULT NULL,
  `payment_price` decimal(8,2) DEFAULT NULL,
  `payment_date` datetime NOT NULL,
  `picture_name` varchar(191) DEFAULT NULL,
  `payment_status` enum('1','2','3') DEFAULT '1',
  `confirmed_date` datetime DEFAULT NULL,
  `payment_data` text DEFAULT NULL,
  PRIMARY KEY (`id`),
  KEY `order_id` (`order_id`)
) ENGINE=InnoDB AUTO_INCREMENT=2 DEFAULT CHARSET=utf8mb4;

-- Dumping data for table toko_sayur.payments: ~0 rows (approximately)
INSERT INTO `payments` (`id`, `order_id`, `payment_price`, `payment_date`, `picture_name`, `payment_status`, `confirmed_date`, `payment_data`) VALUES
	(1, 1, 55000.00, '2023-11-04 03:52:09', 'struk2.jpg', '2', NULL, '{"transfer_to":"bank-mandiri-xx","source":{"bank":"permata","name":"budi sasanto","number":"232323242"}}');

-- Dumping structure for table toko_sayur.products
CREATE TABLE IF NOT EXISTS `products` (
  `id` bigint(20) NOT NULL AUTO_INCREMENT,
  `category_id` int(10) DEFAULT NULL,
  `sku` varchar(32) DEFAULT NULL,
  `name` varchar(191) NOT NULL,
  `description` varchar(191) DEFAULT NULL,
  `picture_name` varchar(191) DEFAULT NULL,
  `price` decimal(8,2) NOT NULL,
  `current_discount` decimal(8,2) DEFAULT 0.00,
  `stock` int(10) NOT NULL,
  `product_unit` varchar(32) DEFAULT NULL,
  `is_available` tinyint(1) DEFAULT 1,
  `add_date` datetime DEFAULT NULL,
  PRIMARY KEY (`id`),
  KEY `FK_products_product_category` (`category_id`)
) ENGINE=InnoDB AUTO_INCREMENT=15 DEFAULT CHARSET=utf8mb4;

-- Dumping data for table toko_sayur.products: ~11 rows (approximately)
INSERT INTO `products` (`id`, `category_id`, `sku`, `name`, `description`, `picture_name`, `price`, `current_discount`, `stock`, `product_unit`, `is_available`, `add_date`) VALUES
	(1, 2, 'SB750372', 'Strawberry', NULL, 'category-2.jpg', 70000.00, 5000.00, 50, 'Kg', 1, '2020-03-26 15:02:52'),
	(2, 1, 'BS350420', 'Brokoli', NULL, 'product-6.jpg', 33000.00, 2000.00, 10, 'Kg', 1, '2020-03-26 15:03:40'),
	(4, 1, 'TS120790', 'Tomat', NULL, 'product-5.jpg', 10000.00, 0.00, 20, 'Kg', 1, '2020-03-26 19:36:30'),
	(5, 1, 'WS120811', 'Wortel', NULL, 'product-7.jpg', 12000.00, 0.00, 20, 'Kg', 1, '2020-03-26 19:36:51'),
	(8, 1, 'PS220885', 'Paprika', NULL, 'product-12.jpg', 20000.00, 0.00, 20, 'Kg', 1, '2020-03-26 19:38:05'),
	(9, 2, 'AB450163', 'Apel', NULL, 'product-10.jpg', 40000.00, 5000.00, 50, 'Kg', 1, '2020-03-26 19:42:43'),
	(10, 1, 'BMS120283', 'Bawang Merah', NULL, 'product-9.jpg', 12000.00, 0.00, 20, 'Kg', 1, '2020-03-26 19:44:42'),
	(11, 1, 'URS13301', 'Ubi Rambat', NULL, 'product-4.jpg', 15000.00, 0.00, 3, 'Kg', 1, '2020-03-26 19:45:01'),
	(12, 1, 'BPS15347', 'Bawang Putih', NULL, 'product-111.jpg', 15000.00, 0.00, 5, 'Kg', 1, '2020-03-26 19:45:47'),
	(13, 1, 'KPS223370', 'Kacang Polong', NULL, 'product-3.jpg', 20000.00, 0.00, 23, 'Kg', 1, '2020-03-26 19:46:10'),
	(14, 1, 'CMS410424', 'Cabai Merah', NULL, 'product-121.jpg', 40000.00, 7000.00, 10, 'Kg', 1, '2020-03-26 19:47:04');

-- Dumping structure for table toko_sayur.product_category
CREATE TABLE IF NOT EXISTS `product_category` (
  `id` int(10) NOT NULL AUTO_INCREMENT,
  `name` varchar(191) NOT NULL,
  PRIMARY KEY (`id`)
) ENGINE=InnoDB AUTO_INCREMENT=9 DEFAULT CHARSET=utf8mb4;

-- Dumping data for table toko_sayur.product_category: ~2 rows (approximately)
INSERT INTO `product_category` (`id`, `name`) VALUES
	(1, 'Sayur'),
	(2, 'Buah');

-- Dumping structure for table toko_sayur.reviews
CREATE TABLE IF NOT EXISTS `reviews` (
  `id` bigint(20) NOT NULL AUTO_INCREMENT,
  `user_id` bigint(20) unsigned DEFAULT NULL,
  `order_id` bigint(20) DEFAULT NULL,
  `title` varchar(191) DEFAULT NULL,
  `review_text` mediumtext NOT NULL,
  `review_date` datetime NOT NULL,
  `status` tinyint(1) NOT NULL DEFAULT 1,
  PRIMARY KEY (`id`),
  KEY `FK_reviews_users` (`user_id`),
  KEY `FK_reviews_orders` (`order_id`)
) ENGINE=InnoDB AUTO_INCREMENT=2 DEFAULT CHARSET=utf8mb4;

-- Dumping data for table toko_sayur.reviews: ~0 rows (approximately)
INSERT INTO `reviews` (`id`, `user_id`, `order_id`, `title`, `review_text`, `review_date`, `status`) VALUES
	(1, 9, 1, 'Bagus', 'Pengiriman barang cepat', '2023-11-04 03:54:08', 1);

-- Dumping structure for table toko_sayur.settings
CREATE TABLE IF NOT EXISTS `settings` (
  `id` int(10) NOT NULL AUTO_INCREMENT,
  `key` varchar(32) NOT NULL,
  `content` text NOT NULL,
  PRIMARY KEY (`id`) USING BTREE
) ENGINE=InnoDB AUTO_INCREMENT=13 DEFAULT CHARSET=utf8mb4;

-- Dumping data for table toko_sayur.settings: ~12 rows (approximately)
INSERT INTO `settings` (`id`, `key`, `content`) VALUES
	(1, 'current_theme_name', 'vegefoods'),
	(2, 'store_name', 'Toko Sayur Poppy'),
	(3, 'store_phone_number', '089504028188'),
	(4, 'store_email', 'tokosayurpoppy@gmail.com'),
	(5, 'store_tagline', 'Belanja Sayur Segar 24 Jam'),
	(6, 'store_logo', 'Logo.png'),
	(7, 'max_product_image_size', '20000'),
	(8, 'store_description', 'Belanja sayur dan buah dengan murah, mudah dan cepat'),
	(9, 'store_address', 'Jl. Bilabong Permai No 11 RT 02/11 Bojong Gede,  Bogor'),
	(10, 'min_shop_to_free_shipping_cost', '20000'),
	(11, 'shipping_cost', '10000'),
	(12, 'payment_banks', '{"bank-mandiri-xx":{"bank":"BANK MANDIRI xx","number":"123","name":"Owner Poppy"},"bank-jagoss":{"bank":"BANK JAGOss","number":"xs","name":"Admin1"},"bank-jagossxx":{"bank":"BANK JAGOssxx","number":"asd","name":"Admin 2"}}');

-- Dumping structure for table toko_sayur.users
CREATE TABLE IF NOT EXISTS `users` (
  `id` bigint(20) unsigned NOT NULL AUTO_INCREMENT,
  `name` varchar(50) COLLATE utf8mb4_unicode_ci DEFAULT NULL,
  `email` varchar(191) COLLATE utf8mb4_unicode_ci NOT NULL,
  `email_verified_at` timestamp NULL DEFAULT NULL,
  `username` varchar(16) COLLATE utf8mb4_unicode_ci NOT NULL,
  `password` varchar(191) COLLATE utf8mb4_unicode_ci NOT NULL,
  `profile_picture` varchar(128) COLLATE utf8mb4_unicode_ci DEFAULT NULL,
  `role` varchar(32) COLLATE utf8mb4_unicode_ci DEFAULT '0' COMMENT '1 = admin, 2 = customer',
  `register_date` datetime DEFAULT NULL,
  PRIMARY KEY (`id`) USING BTREE,
  UNIQUE KEY `users_email_unique` (`email`) USING BTREE
) ENGINE=InnoDB AUTO_INCREMENT=10 DEFAULT CHARSET=utf8mb4 COLLATE=utf8mb4_unicode_ci;

-- Dumping data for table toko_sayur.users: ~3 rows (approximately)
INSERT INTO `users` (`id`, `name`, `email`, `email_verified_at`, `username`, `password`, `profile_picture`, `role`, `register_date`) VALUES
	(1, 'Admin Toko Sayur', 'admin@local.test', NULL, 'admin', '$2y$10$Brm3RNWFKvZ1e0ej1vBz9.QbFMW21q0l/iDSt5aDOoGj9zlLFuxh6', 'poppy.png', 'admin', NULL),
	(8, 'Anita', 'anita9@gmail.com', NULL, 'anita', '$2y$10$Brm3RNWFKvZ1e0ej1vBz9.QbFMW21q0l/iDSt5aDOoGj9zlLFuxh6', 'anita.png', 'customer', '2021-05-07 10:25:08'),
	(9, 'Budi', 'budi@gmail.com', NULL, 'budi', '$2y$10$Brm3RNWFKvZ1e0ej1vBz9.QbFMW21q0l/iDSt5aDOoGj9zlLFuxh6', 'budi.png', 'customer', NULL);

/*!40103 SET TIME_ZONE=IFNULL(@OLD_TIME_ZONE, 'system') */;
/*!40101 SET SQL_MODE=IFNULL(@OLD_SQL_MODE, '') */;
/*!40014 SET FOREIGN_KEY_CHECKS=IFNULL(@OLD_FOREIGN_KEY_CHECKS, 1) */;
/*!40101 SET CHARACTER_SET_CLIENT=@OLD_CHARACTER_SET_CLIENT */;
/*!40111 SET SQL_NOTES=IFNULL(@OLD_SQL_NOTES, 1) */;
